dataset,ph,variant_id,method,family,graph,rmse_mean,rmse_std,rmse_min,rmse_max,mae_mean,mae_std,mae_min,mae_max,n_seeds,wins_vs_tgcn_of_5,n_edges
losloop,1,physical,T-GCN,T-GCN,physical road network,7.877140,0.283865,7.456200,8.186200,5.492520,0.207992,5.194700,5.739100,5,0,2833
losloop,1,no_spatial,T-GCN-NoSpatial,T-GCN,identity (no graph),5.251440,0.186250,4.970100,5.419000,3.062560,0.085166,2.946100,3.147400,5,5,207
losloop,1,gsl,T-GCN-GSL,T-GCN,DAGMA contemporaneous,5.858880,0.205802,5.499900,6.019200,3.690240,0.144674,3.451900,3.831100,5,5,28
losloop,1,cgsl,T-GCN-cGSL,T-GCN,"DAGMA contemporaneous, symmetrized",5.820540,0.228357,5.471900,6.101300,3.477340,0.128250,3.293800,3.651500,5,5,56
losloop,1,multi_gsl,T-GCN-MultiGSL,T-GCN,DAGMA multi-lag (fixed),4.840780,0.114613,4.733100,5.031300,2.820760,0.056346,2.760000,2.912500,5,5,30
losloop,1,multi_gsl_weighted,T-GCN-MultiGSL-Weighted,T-GCN,DAGMA multi-lag (learned global weights),4.833840,0.113420,4.726700,5.022000,2.813660,0.053961,2.755200,2.901500,5,5,30
losloop,1,multi_gsl_mix,T-GCN-MultiGSL-Mix,T-GCN,DAGMA multi-lag (per-node gating),4.491440,0.140346,4.289500,4.663700,2.731360,0.068227,2.626300,2.790300,5,5,30
losloop,1,gcn_physical,GCN,GCN,physical road network,8.144520,0.111755,7.999100,8.303800,5.787640,0.034398,5.745000,5.819900,5,0,2833
losloop,1,gcn_no_spatial,GCN-NoSpatial,GCN,identity (no graph),4.879620,0.306566,4.566200,5.267700,2.999800,0.205401,2.757700,3.282000,5,5,207
losloop,1,gcn_gsl,GCN-GSL,GCN,DAGMA contemporaneous,7.826480,0.105465,7.733900,7.947700,5.342320,0.079564,5.201100,5.394600,5,4,28
losloop,1,gcn_cgsl,GCN-cGSL,GCN,"DAGMA contemporaneous, symmetrized",5.763080,0.197123,5.573000,6.027900,3.650340,0.135991,3.483700,3.844000,5,5,56
losloop,1,gcn_multigsl,GCN-MultiGSL,GCN,DAGMA multi-lag union,9.780020,0.142220,9.611500,9.944900,6.601100,0.038364,6.551800,6.655200,5,0,28
losloop,2,physical,T-GCN,T-GCN,physical road network,8.132920,0.085117,8.030200,8.229600,5.652440,0.076797,5.563200,5.748600,5,0,2833
losloop,2,no_spatial,T-GCN-NoSpatial,T-GCN,identity (no graph),5.759340,0.083719,5.642600,5.855700,3.300340,0.064878,3.226900,3.386100,5,5,207
losloop,2,gsl,T-GCN-GSL,T-GCN,DAGMA contemporaneous,6.300920,0.060132,6.226400,6.374800,3.911640,0.078911,3.783100,3.984200,5,5,28
losloop,2,cgsl,T-GCN-cGSL,T-GCN,"DAGMA contemporaneous, symmetrized",6.353560,0.119685,6.211600,6.508300,3.762640,0.083170,3.676500,3.853000,5,5,56
losloop,2,multi_gsl,T-GCN-MultiGSL,T-GCN,DAGMA multi-lag (fixed),5.446840,0.135725,5.281000,5.597800,3.141000,0.078688,3.009000,3.217000,5,5,30
losloop,2,multi_gsl_weighted,T-GCN-MultiGSL-Weighted,T-GCN,DAGMA multi-lag (learned global weights),5.437480,0.132744,5.276300,5.584000,3.134260,0.077897,3.004100,3.210700,5,5,30
losloop,2,multi_gsl_mix,T-GCN-MultiGSL-Mix,T-GCN,DAGMA multi-lag (per-node gating),5.075060,0.148627,4.852600,5.232500,2.989120,0.102018,2.838800,3.091600,5,5,30
losloop,2,gcn_physical,GCN,GCN,physical road network,8.538560,0.279025,8.177000,8.868500,6.007340,0.159437,5.804800,6.200400,5,0,2833
losloop,2,gcn_no_spatial,GCN-NoSpatial,GCN,identity (no graph),5.604420,0.386047,5.093000,6.105300,3.390080,0.235850,3.036000,3.607400,5,5,207
losloop,2,gcn_gsl,GCN-GSL,GCN,DAGMA contemporaneous,8.478860,0.212138,8.245500,8.792800,5.676600,0.135072,5.489800,5.852800,5,0,28
losloop,2,gcn_cgsl,GCN-cGSL,GCN,"DAGMA contemporaneous, symmetrized",6.330560,0.319641,5.940200,6.780700,3.965300,0.190879,3.689800,4.175700,5,5,56
losloop,2,gcn_multigsl,GCN-MultiGSL,GCN,DAGMA multi-lag union,10.049680,0.163674,9.917500,10.244000,6.760620,0.052287,6.708500,6.830800,5,0,28
losloop,3,physical,T-GCN,T-GCN,physical road network,8.367560,0.174136,8.246500,8.668600,5.754780,0.140953,5.611300,5.990700,5,0,2833
losloop,3,no_spatial,T-GCN-NoSpatial,T-GCN,identity (no graph),6.109180,0.074103,6.034200,6.229000,3.490400,0.073771,3.418000,3.613900,5,5,207
losloop,3,gsl,T-GCN-GSL,T-GCN,DAGMA contemporaneous,6.655360,0.116220,6.567200,6.853200,4.119860,0.033302,4.085700,4.170000,5,5,28
losloop,3,cgsl,T-GCN-cGSL,T-GCN,"DAGMA contemporaneous, symmetrized",6.668860,0.112013,6.532400,6.844400,3.937560,0.085006,3.856200,4.077500,5,5,56
losloop,3,multi_gsl,T-GCN-MultiGSL,T-GCN,DAGMA multi-lag (fixed),5.940200,0.028481,5.909400,5.975600,3.345060,0.024041,3.321700,3.384600,5,5,30
losloop,3,multi_gsl_weighted,T-GCN-MultiGSL-Weighted,T-GCN,DAGMA multi-lag (learned global weights),5.926480,0.025645,5.902800,5.967400,3.326680,0.027257,3.285600,3.360700,5,5,30
losloop,3,multi_gsl_mix,T-GCN-MultiGSL-Mix,T-GCN,DAGMA multi-lag (per-node gating),5.545720,0.156366,5.342000,5.711200,3.224160,0.094004,3.112100,3.347000,5,5,30
losloop,3,gcn_physical,GCN,GCN,physical road network,8.764680,0.258815,8.387600,9.076400,6.120720,0.145451,5.910500,6.299100,5,0,2833
losloop,3,gcn_no_spatial,GCN-NoSpatial,GCN,identity (no graph),6.022580,0.280407,5.587300,6.294200,3.554320,0.176894,3.275500,3.759900,5,5,207
losloop,3,gcn_gsl,GCN-GSL,GCN,DAGMA contemporaneous,8.448220,0.187382,8.182600,8.694600,5.649320,0.150962,5.464500,5.845200,5,2,28
losloop,3,gcn_cgsl,GCN-cGSL,GCN,"DAGMA contemporaneous, symmetrized",6.684360,0.250704,6.296700,6.945700,4.115000,0.159768,3.867500,4.305700,5,5,56
losloop,3,gcn_multigsl,GCN-MultiGSL,GCN,DAGMA multi-lag union,10.240980,0.130054,10.087600,10.401800,6.835640,0.082242,6.739900,6.963500,5,0,28
losloop,4,physical,T-GCN,T-GCN,physical road network,8.659360,0.162573,8.448400,8.824500,5.996720,0.163769,5.808400,6.171600,5,0,2833
losloop,4,no_spatial,T-GCN-NoSpatial,T-GCN,identity (no graph),6.576180,0.116740,6.444600,6.760400,3.724280,0.080577,3.630800,3.828800,5,5,207
losloop,4,gsl,T-GCN-GSL,T-GCN,DAGMA contemporaneous,7.040260,0.094606,6.910000,7.134900,4.299360,0.057822,4.231700,4.384000,5,5,28
losloop,4,cgsl,T-GCN-cGSL,T-GCN,"DAGMA contemporaneous, symmetrized",7.088120,0.122666,6.986500,7.288300,4.176900,0.077163,4.091700,4.259400,5,5,56
losloop,4,multi_gsl,T-GCN-MultiGSL,T-GCN,DAGMA multi-lag (fixed),6.259780,0.033149,6.211600,6.293300,3.500880,0.045217,3.464400,3.574200,5,5,30
losloop,4,multi_gsl_weighted,T-GCN-MultiGSL-Weighted,T-GCN,DAGMA multi-lag (learned global weights),6.253180,0.030988,6.211000,6.290300,3.489620,0.042957,3.441400,3.550500,5,5,30
losloop,4,multi_gsl_mix,T-GCN-MultiGSL-Mix,T-GCN,DAGMA multi-lag (per-node gating),5.858900,0.067379,5.818200,5.978800,3.393920,0.018145,3.368800,3.416400,5,5,30
losloop,4,gcn_physical,GCN,GCN,physical road network,8.764820,0.285809,8.490200,9.199500,6.115580,0.147760,5.973900,6.348700,5,2,2833
losloop,4,gcn_no_spatial,GCN-NoSpatial,GCN,identity (no graph),6.258480,0.256268,6.017900,6.638500,3.679140,0.218980,3.441700,3.998800,5,5,207
losloop,4,gcn_gsl,GCN-GSL,GCN,DAGMA contemporaneous,8.933480,0.124277,8.804200,9.092800,5.916100,0.070064,5.814100,5.988700,5,1,28
losloop,4,gcn_cgsl,GCN-cGSL,GCN,"DAGMA contemporaneous, symmetrized",6.880840,0.212463,6.679900,7.194800,4.246420,0.163640,4.072800,4.489800,5,5,56
losloop,4,gcn_multigsl,GCN-MultiGSL,GCN,DAGMA multi-lag union,10.272040,0.107680,10.166400,10.426600,6.876980,0.048142,6.816000,6.947400,5,0,28
shenzhen,1,physical,T-GCN,T-GCN,physical road network,5.449280,0.109193,5.346700,5.632000,4.077600,0.051066,4.035300,4.162400,5,0,532
shenzhen,1,no_spatial,T-GCN-NoSpatial,T-GCN,identity (no graph),4.119940,0.004199,4.116500,4.125700,2.758900,0.042298,2.693400,2.808700,5,5,156
shenzhen,1,gsl,T-GCN-GSL,T-GCN,DAGMA contemporaneous,4.280940,0.050898,4.253200,4.371700,2.865480,0.130383,2.793000,3.097300,5,5,8
shenzhen,1,cgsl,T-GCN-cGSL,T-GCN,"DAGMA contemporaneous, symmetrized",4.300780,0.032584,4.264300,4.347100,2.857320,0.019780,2.824100,2.877400,5,5,16
shenzhen,1,multi_gsl,T-GCN-MultiGSL,T-GCN,DAGMA multi-lag (fixed),4.130300,0.016054,4.115100,4.155500,2.815680,0.084451,2.697300,2.927200,5,5,2
shenzhen,1,multi_gsl_weighted,T-GCN-MultiGSL-Weighted,T-GCN,DAGMA multi-lag (learned global weights),4.130360,0.016018,4.115200,4.155600,2.815920,0.084312,2.698100,2.927600,5,5,2
shenzhen,1,multi_gsl_mix,T-GCN-MultiGSL-Mix,T-GCN,DAGMA multi-lag (per-node gating),4.119000,0.019637,4.106400,4.153600,2.752420,0.093404,2.684500,2.905500,5,5,2
shenzhen,1,gcn_physical,GCN,GCN,physical road network,5.959640,0.005332,5.956100,5.968700,4.411740,0.004420,4.407300,4.416700,5,0,532
shenzhen,1,gcn_no_spatial,GCN-NoSpatial,GCN,identity (no graph),4.114000,0.001958,4.112200,4.116300,2.749720,0.025826,2.708200,2.775800,5,5,156
shenzhen,1,gcn_gsl,GCN-GSL,GCN,DAGMA contemporaneous,4.880300,0.008003,4.868100,4.890500,3.166460,0.009916,3.155000,3.175700,5,5,8
shenzhen,1,gcn_cgsl,GCN-cGSL,GCN,"DAGMA contemporaneous, symmetrized",4.641160,0.003831,4.638100,4.647700,3.027840,0.007163,3.020600,3.035900,5,5,16
shenzhen,1,gcn_multigsl,GCN-MultiGSL,GCN,DAGMA multi-lag union,4.823360,0.007066,4.814400,4.833300,3.039180,0.010596,3.024300,3.052800,5,5,2
shenzhen,2,physical,T-GCN,T-GCN,physical road network,5.551520,0.082466,5.441000,5.668700,4.154660,0.037084,4.100800,4.202400,5,0,532
shenzhen,2,no_spatial,T-GCN-NoSpatial,T-GCN,identity (no graph),4.160420,0.005938,4.156500,4.170800,2.782560,0.027859,2.742900,2.819400,5,5,156
shenzhen,2,gsl,T-GCN-GSL,T-GCN,DAGMA contemporaneous,4.308920,0.026715,4.289100,4.355500,2.892820,0.069108,2.831400,3.010700,5,5,8
shenzhen,2,cgsl,T-GCN-cGSL,T-GCN,"DAGMA contemporaneous, symmetrized",4.335320,0.015877,4.316100,4.359700,2.918680,0.028164,2.891800,2.960100,5,5,16
shenzhen,2,multi_gsl,T-GCN-MultiGSL,T-GCN,DAGMA multi-lag (fixed),4.160680,0.004867,4.155100,4.166900,2.826100,0.027013,2.788500,2.852900,5,5,2
shenzhen,2,multi_gsl_weighted,T-GCN-MultiGSL-Weighted,T-GCN,DAGMA multi-lag (learned global weights),4.160780,0.004636,4.155600,4.166900,2.826200,0.027113,2.789300,2.853000,5,5,2
shenzhen,2,multi_gsl_mix,T-GCN-MultiGSL-Mix,T-GCN,DAGMA multi-lag (per-node gating),4.149220,0.005376,4.144500,4.158000,2.773820,0.043287,2.728600,2.840000,5,5,2
shenzhen,2,gcn_physical,GCN,GCN,physical road network,5.975160,0.002074,5.973100,5.978600,4.422920,0.001083,4.421300,4.424100,5,0,532
shenzhen,2,gcn_no_spatial,GCN-NoSpatial,GCN,identity (no graph),4.152680,0.000342,4.152200,4.153000,2.772480,0.006201,2.767600,2.782100,5,5,156
shenzhen,2,gcn_gsl,GCN-GSL,GCN,DAGMA contemporaneous,4.909740,0.002985,4.905000,4.913200,3.204240,0.003200,3.201100,3.209600,5,5,8
shenzhen,2,gcn_cgsl,GCN-cGSL,GCN,"DAGMA contemporaneous, symmetrized",4.674420,0.001486,4.673000,4.676500,3.055820,0.003182,3.052300,3.059300,5,5,16
shenzhen,2,gcn_multigsl,GCN-MultiGSL,GCN,DAGMA multi-lag union,4.854060,0.001839,4.851800,4.856100,3.081220,0.003083,3.077000,3.085200,5,5,2
shenzhen,3,physical,T-GCN,T-GCN,physical road network,5.601620,0.047532,5.535100,5.647300,4.196900,0.026642,4.151000,4.217000,5,0,532
shenzhen,3,no_spatial,T-GCN-NoSpatial,T-GCN,identity (no graph),4.191880,0.005706,4.187500,4.199600,2.804900,0.043111,2.768400,2.862700,5,5,156
shenzhen,3,gsl,T-GCN-GSL,T-GCN,DAGMA contemporaneous,4.332480,0.011561,4.320100,4.348700,2.893500,0.052402,2.855100,2.984200,5,5,8
shenzhen,3,cgsl,T-GCN-cGSL,T-GCN,"DAGMA contemporaneous, symmetrized",4.379780,0.025492,4.335300,4.397400,2.987320,0.075067,2.914100,3.066100,5,5,16
shenzhen,3,multi_gsl,T-GCN-MultiGSL,T-GCN,DAGMA multi-lag (fixed),4.200160,0.006122,4.190700,4.207100,2.850940,0.046574,2.794400,2.911300,5,5,2
shenzhen,3,multi_gsl_weighted,T-GCN-MultiGSL-Weighted,T-GCN,DAGMA multi-lag (learned global weights),4.200560,0.006241,4.190700,4.207300,2.851320,0.046764,2.794500,2.911000,5,5,2
shenzhen,3,multi_gsl_mix,T-GCN-MultiGSL-Mix,T-GCN,DAGMA multi-lag (per-node gating),4.177540,0.001544,4.175100,4.179300,2.788400,0.026395,2.753100,2.815800,5,5,2
shenzhen,3,gcn_physical,GCN,GCN,physical road network,5.989260,0.002016,5.987600,5.991700,4.434040,0.001665,4.431700,4.436000,5,0,532
shenzhen,3,gcn_no_spatial,GCN-NoSpatial,GCN,identity (no graph),4.187200,0.002727,4.184900,4.191700,2.789380,0.009653,2.780300,2.803500,5,5,156
shenzhen,3,gcn_gsl,GCN-GSL,GCN,DAGMA contemporaneous,4.929960,0.009422,4.917800,4.944000,3.226680,0.011897,3.208300,3.240300,5,5,8
shenzhen,3,gcn_cgsl,GCN-cGSL,GCN,"DAGMA contemporaneous, symmetrized",4.700940,0.001888,4.698700,4.703400,3.080760,0.002339,3.077600,3.083800,5,5,16
shenzhen,3,gcn_multigsl,GCN-MultiGSL,GCN,DAGMA multi-lag union,4.878200,0.005876,4.871400,4.887100,3.109680,0.003815,3.103000,3.112700,5,5,2
shenzhen,4,physical,T-GCN,T-GCN,physical road network,5.632580,0.057014,5.573400,5.693700,4.217740,0.016896,4.202500,4.239400,5,0,532
shenzhen,4,no_spatial,T-GCN-NoSpatial,T-GCN,identity (no graph),4.225100,0.008069,4.216000,4.233500,2.833500,0.037608,2.784100,2.880100,5,5,156
shenzhen,4,gsl,T-GCN-GSL,T-GCN,DAGMA contemporaneous,4.369840,0.020776,4.351600,4.404500,2.890980,0.012024,2.870200,2.898800,5,5,8
shenzhen,4,cgsl,T-GCN-cGSL,T-GCN,"DAGMA contemporaneous, symmetrized",4.414680,0.013753,4.393900,4.429300,2.964660,0.056356,2.904900,3.050700,5,5,16
shenzhen,4,multi_gsl,T-GCN-MultiGSL,T-GCN,DAGMA multi-lag (fixed),4.224460,0.002874,4.221000,4.228400,2.878380,0.029207,2.850400,2.922800,5,5,2
shenzhen,4,multi_gsl_weighted,T-GCN-MultiGSL-Weighted,T-GCN,DAGMA multi-lag (learned global weights),4.224600,0.002832,4.221000,4.228400,2.879080,0.029369,2.850500,2.923000,5,5,2
shenzhen,4,multi_gsl_mix,T-GCN-MultiGSL-Mix,T-GCN,DAGMA multi-lag (per-node gating),4.217120,0.010229,4.206900,4.232500,2.837820,0.075293,2.762500,2.957800,5,5,2
shenzhen,4,gcn_physical,GCN,GCN,physical road network,6.001080,0.000893,6.000000,6.002100,4.444920,0.001337,4.442600,4.446000,5,0,532
shenzhen,4,gcn_no_spatial,GCN-NoSpatial,GCN,identity (no graph),4.217100,0.001700,4.215600,4.220000,2.817040,0.014676,2.802100,2.837300,5,5,156
shenzhen,4,gcn_gsl,GCN-GSL,GCN,DAGMA contemporaneous,4.957880,0.004974,4.950500,4.964300,3.257580,0.012497,3.239300,3.273100,5,5,8
shenzhen,4,gcn_cgsl,GCN-cGSL,GCN,"DAGMA contemporaneous, symmetrized",4.728300,0.001828,4.727100,4.731500,3.110520,0.004631,3.106600,3.118200,5,5,16
shenzhen,4,gcn_multigsl,GCN-MultiGSL,GCN,DAGMA multi-lag union,4.904380,0.002866,4.902400,4.909400,3.140520,0.006897,3.131900,3.148500,5,5,2
